<?xml version="1.0" encoding="UTF-8"?>


<!DOCTYPE sqlMapConfig PUBLIC 
'-//ibatis.apache.org/DTD SQL Map Config 2.0//EN' 
'http://ibatis.apache.org/dtd/sql-map-config-2.dtd'>
<sqlMapConfig>
    <properties resource="package/db.properties"/>
    <transactionManager type="JDBC" commitRequired="false">
        <dataSource type="SIMPLE">
            <property name="JDBC.Driver" value="${driver}"/>
            <property name="JDBC.ConnectionURL" value="${url}"/>
            <property name="JDBC.Username" value="${username}"/>
            <property name="JDBC.Password" value="${password}"/>
        </dataSource>
    </transactionManager>
    
    <!-- sql문을 저장하고 있는 sqlMap문서(xml)를 참조시킨다. -->
    <sqlMap resource="package/Emp.xml"/>
</sqlMapConfig>





