<?xml version="1.0" encoding="UTF-8"?>


<!DOCTYPE sqlMapConfig PUBLIC 
'-//ibatis.apache.org/DTD SQL Map Config 2.0//EN' 
'http://ibatis.apache.org/dtd/sql-map-config-2.dtd'>
<sqlMapConfig>
    <transactionManager type="JDBC" commitRequired="false">
        <dataSource type="SIMPLE">
            <property name="JDBC.Driver" value="oracle.jdbc.driver.OracleDriver"/>
            <property name="JDBC.ConnectionURL" value="jdbc:oracle:thin:@localhost:1521:ORCL"/>
            <property name="JDBC.Username" value="scott"/>
            <property name="JDBC.Password" value="tiger"/>
        </dataSource>
    </transactionManager>
    
    <!-- sql문을 저장하고 있는 sqlMap문서(xml)를 참조시킨다. -->
    <sqlMap resource="package/Emp.xml"/>
</sqlMapConfig>





